الصباح,اللهُ لاَ إِلَـهَ إِلاَّ هُوَ الْحَيُّ الْقَيُّومُ لاَ تَأْخُذُهُ سِنَةٌ وَلاَ نَوْمٌ لَّهُ مَا فِي السَّمَاوَاتِ وَمَا فِي الأَرْضِ مَن ذَا الَّذِي يَشْفَعُ عِنْدَهُ إِلاَّ بِإِذْنِهِ يَعْلَمُ مَا بَيْنَ أَيْدِيهِمْ وَمَا خَلْفَهُمْ وَلاَ يُحِيطُونَ بِشَيْءٍ مِّنْ عِلْمِهِ إِلاَّ بِمَا شَاء وَسِعَ كُرْسِيُّهُ السَّمَاوَاتِ وَالأَرْضَ وَلاَ يَؤُودُهُ حِفْظُهُمَا وَهُوَ الْعَلِيُّ الْعَظِيمُ.,1,s1
الصباح,قُلْ هُوَ ٱللهُ أَحَدٌ (1) ٱللَّهُ ٱلصَّمَدُ (2) لَمْ يَلِدْ وَلَمْ يُولَدْ (3) وَلَمْ يَكُن لَّهُۥ كُفُوًا أَحَدٌۢ (4),3,s2
الصباح,قُلْ أَعُوذُ بِرَبِّ ٱلْفَلَقِ (1) مِن شَرِّ مَا خَلَقَ (2) وَمِن شَرِّ غَاسِقٍ إِذَا وَقَبَ (3) وَمِن شَرِّ ٱلنَّفَّٰثَٰتِ فِى ٱلْعُقَدِ (4) وَمِن شَرِّ حَاسِدٍ إِذَا حَسَدَ (5),3,s3
الصباح,قُلْ أَعُوذُ بِرَبِّ ٱلنَّاسِ (1) مَلِكِ ٱلنَّاسِ (2) إِلَٰهِ ٱلنَّاسِ (3) مِن شَرِّ ٱلْوَسْوَاسِ ٱلْخَنَّاسِ (4) ٱلَّذِى يُوَسْوِسُ فِى صُدُورِ ٱلنَّاسِ (5) مِنَ ٱلْجِنَّةِ وَٱلنَّاسِ (6),3,s4
الصباح,أَصْـبَحْنا وَأَصْـبَحَ المُـلْكُ لله وَالحَمدُ لله ، لا إلهَ إلاّ اللّهُ وَحدَهُ لا شَريكَ لهُ، لهُ المُـلكُ ولهُ الحَمْـد، وهُوَ على كلّ شَيءٍ قدير ، رَبِّ أسْـأَلُـكَ خَـيرَ ما في هـذا اليوم وَخَـيرَ ما بَعْـدَه ، وَأَعـوذُ بِكَ مِنْ شَـرِّ ما في هـذا اليوم وَشَرِّ ما بَعْـدَه، رَبِّ أَعـوذُبِكَ مِنَ الْكَسَـلِ وَسـوءِ الْكِـبَر ، رَبِّ أَعـوذُ بِكَ مِنْ عَـذابٍ في النّـارِ وَعَـذابٍ في القَـبْر.,1,s5
الصباح,اللّهـمَّ أَنْتَ رَبِّـي لا إلهَ إلاّ أَنْتَ ، خَلَقْتَنـي وَأَنا عَبْـدُك ، وَأَنا عَلـى عَهْـدِكَ وَوَعْـدِكَ ما اسْتَـطَعْـت ، أَعـوذُبِكَ مِنْ شَـرِّ ما صَنَـعْت ، أَبـوءُ لَـكَ بِنِعْـمَتِـكَ عَلَـيَّ وَأَبـوءُ بِذَنْـبي فَاغْفـِرْ لي فَإِنَّـهُ لا يَغْـفِرُ الذُّنـوبَ إِلاّ أَنْتَ .,1,s6
الصباح,رَضيـتُ بِاللهِ رَبَّـاً وَبِالإسْلامِ ديـناً وَبِمُحَـمَّدٍ صلى الله عليه وسلم نَبِيّـاً,3,s7
الصباح,اللّهُـمَّ إِنِّـي أَصْبَـحْتُ أُشْـهِدُك ، وَأُشْـهِدُ حَمَلَـةَ عَـرْشِـك ، وَمَلَائِكَتَكَ ، وَجَمـيعَ خَلْـقِك ، أَنَّـكَ أَنْـتَ اللهُ لا إلهَ إلاّ أَنْـتَ وَحْـدَكَ لا شَريكَ لَـك ، وَأَنَّ ُ مُحَمّـداً عَبْـدُكَ وَرَسـولُـك.,4,s8
الصباح,اللّهُـمَّ ما أَصْبَـَحَ بي مِـنْ نِعْـمَةٍ أَو بِأَحَـدٍ مِـنْ خَلْـقِك ، فَمِـنْكَ وَحْـدَكَ لا شريكَ لَـك ، فَلَـكَ الْحَمْـدُ وَلَـكَ الشُّكْـر.,1,s9
الصباح,حَسْبِـيَ اللّهُ لا إلهَ إلاّ هُوَ عَلَـيهِ تَوَكَّـلتُ وَهُوَ رَبُّ العَرْشِ العَظـيم.,7,s10
الصباح,بِسـمِ اللهِ الذي لا يَضُـرُّ مَعَ اسمِـهِ شَيءٌ في الأرْضِ وَلا في السّمـاءِ وَهـوَ السّمـيعُ العَلـيم,3,s11
الصباح,اللّهُـمَّ بِكَ أَصْـبَحْنا وَبِكَ أَمْسَـينا ، وَبِكَ نَحْـيا وَبِكَ نَمُـوتُ وَإِلَـيْكَ النُّـشُور.,1,s12
الصباح,أَصْبَـحْـنا عَلَى فِطْرَةِ الإسْلاَمِ، وَعَلَى كَلِمَةِ الإِخْلاَصِ، وَعَلَى دِينِ نَبِيِّنَا مُحَمَّدٍ صَلَّى اللهُ عَلَيْهِ وَسَلَّمَ، وَعَلَى مِلَّةِ أَبِينَا إبْرَاهِيمَ حَنِيفاً مُسْلِماً وَمَا كَانَ مِنَ المُشْرِكِينَ.,1,s13
الصباح,سُبْحـانَ اللهِ وَبِحَمْـدِهِ عَدَدَ خَلْـقِه ، وَرِضـا نَفْسِـه ، وَزِنَـةَ عَـرْشِـه ، وَمِـدادَ كَلِمـاتِـه,3,s14
الصباح,اللّهُـمَّ عافِـني في بَدَنـي ، اللّهُـمَّ عافِـني في سَمْـعي ، اللّهُـمَّ عافِـني في بَصَـري ، لا إلهَ إلاّ أَنْـتَ، اللّهُـمَّ إِنّـي أَعـوذُ بِكَ مِنَ الْكُـفر ، وَالفَـقْر ، وَأَعـوذُ بِكَ مِنْ عَذابِ القَـبْر ، لا إلهَ إلاّ أَنْـتَ,3,s15
الصباح,اللّهُـمَّ إِنِّـي أسْـأَلُـكَ العَـفْوَ وَالعـافِـيةَ في الدُّنْـيا وَالآخِـرَة ، اللّهُـمَّ إِنِّـي أسْـأَلُـكَ العَـفْوَ وَالعـافِـيةَ في ديني وَدُنْـيايَ وَأهْـلي وَمالـي ، اللّهُـمَّ اسْتُـرْ عـوْراتي وَآمِـنْ رَوْعاتـي ، اللّهُـمَّ احْفَظْـني مِن بَـينِ يَدَيَّ وَمِن خَلْفـي وَعَن يَمـيني وَعَن شِمـالي ، وَمِن فَوْقـي ، وَأَعـوذُ بِعَظَمَـتِكَ أَن أُغْـتالَ مِن تَحْتـي,1,s16
الصباح,يَا حَيُّ يَا قيُّومُ بِرَحْمَتِكَ أسْتَغِيثُ أصْلِحْ لِي شَأنِي كُلَّهُ وَلاَ تَكِلْنِي إلَى نَفْسِي طَـرْفَةَ عَيْنٍ.,3,s17
الصباح,أَصْبَـحْـنا وَأَصْبَـحْ المُـلكُ للهِ رَبِّ العـالَمـين ، اللّهُـمَّ إِنِّـي أسْـأَلُـكَ خَـيْرَ هـذا الـيَوْم ، فَـتْحَهُ ، وَنَصْـرَهُ ، وَنـورَهُ وَبَـرَكَتَـهُ ، وَهُـداهُ ، وَأَعـوذُ بِـكَ مِـنْ شَـرِّ ما فـيهِ وَشَـرِّ ما بَعْـدَه.,1,s18
الصباح,اللّهُـمَّ عالِـمَ الغَـيْبِ وَالشّـهادَةِ فاطِـرَ السّماواتِ وَالأرْضِ رَبَّ كـلِّ شَـيءٍ وَمَليـكَه ، أَشْهَـدُ أَنْ لا إِلـهَ إِلاّ أَنْت ، أَعـوذُ بِكَ مِن شَـرِّ نَفْسـي وَمِن شَـرِّ الشَّيْـطانِ وَشِرْكِهِ ، وَأَنْ أَقْتَـرِفَ عَلـى نَفْسـي سوءاً أَوْ أَجُـرَّهُ إِلـى مُسْـلِم.,1,s19
الصباح,أَعـوذُ بِكَلِمـاتِ اللّهِ التّـامّـاتِ مِنْ شَـرِّ ما خَلَـق,3,s20
الصباح,اللَّهُمَّ صَلِّ وَسَلِّمْ على نَبِيِّنَا مُحمَّد.,10,s21
الصباح,اللَّهُمَّ إِنِّي أَعُوذُ بِكَ مِنْ الْهَمِّ وَالْحَزَنِ، وَأَعُوذُ بِكَ مِنْ الْعَجْزِ وَالْكَسَلِ، وَأَعُوذُ بِكَ مِنْ الْجُبْنِ وَالْبُخْلِ، وَأَعُوذُ بِكَ مِنْ غَلَبَةِ الدَّيْنِ، وَقَهْرِ الرِّجَالِ.,3,s23
الصباح,أسْتَغْفِرُ اللهَ العَظِيمَ الَّذِي لاَ إلَهَ إلاَّ هُوَ، الحَيُّ القَيُّومُ، وَأتُوبُ إلَيهِ.,3,s24
الصباح,"يَا رَبِّ , لَكَ الْحَمْدُ كَمَا يَنْبَغِي لِجَلَالِ وَجْهِكَ , وَلِعَظِيمِ سُلْطَانِكَ",3,s25
الصباح,اللَّهُمَّ إِنِّي أَسْأَلُكَ عِلْمًا نَافِعًا، وَرِزْقًا طَيِّبًا، وَعَمَلًا مُتَقَبَّلًا,1,s26
الصباح,"اللَّهُمَّ أَنْتَ رَبِّي لا إِلَهَ إِلا أَنْتَ ، عَلَيْكَ تَوَكَّلْتُ ، وَأَنْتَ رَبُّ الْعَرْشِ الْعَظِيمِ , مَا شَاءَ اللَّهُ كَانَ ، وَمَا لَمْ يَشَأْ لَمْ يَكُنْ ، وَلا حَوْلَ وَلا قُوَّةَ إِلا بِاللَّهِ الْعَلِيِّ الْعَظِيمِ , أَعْلَمُ أَنَّ اللَّهَ عَلَى كُلِّ شَيْءٍ قَدِيرٌ ، وَأَنَّ اللَّهَ قَدْ أَحَاطَ بِكُلِّ شَيْءٍ عِلْمًا , اللَّهُمَّ إِنِّي أَعُوذُ بِكَ مِنْ شَرِّ نَفْسِي ، وَمِنْ شَرِّ كُلِّ دَابَّةٍ أَنْتَ آخِذٌ بِنَاصِيَتِهَا ، إِنَّ رَبِّي عَلَى صِرَاطٍ مُسْتَقِيمٍ.",1,s27
الصباح,لَا إلَه إلّا اللهُ وَحْدَهُ لَا شَرِيكَ لَهُ، لَهُ الْمُلْكُ وَلَهُ الْحَمْدُ وَهُوَ عَلَى كُلِّ شَيْءِ قَدِيرِ.,100,s28
الصباح,سُبْحـانَ اللهِ وَبِحَمْـدِهِ,100,s29
الصباح,سُبْحـانَ اللهِ الْعَظِيــم.,100,s30
الصباح,أسْتَغْفِرُ اللهَ وَأتُوبُ إلَيْهِ,100,s31
المساء,اللهُ لاَ إِلَـهَ إِلاَّ هُوَ الْحَيُّ الْقَيُّومُ لاَ تَأْخُذُهُ سِنَةٌ وَلاَ نَوْمٌ لَّهُ مَا فِي السَّمَاوَاتِ وَمَا فِي الأَرْضِ مَن ذَا الَّذِي يَشْفَعُ عِنْدَهُ إِلاَّ بِإِذْنِهِ يَعْلَمُ مَا بَيْنَ أَيْدِيهِمْ وَمَا خَلْفَهُمْ وَلاَ يُحِيطُونَ بِشَيْءٍ مِّنْ عِلْمِهِ إِلاَّ بِمَا شَاء وَسِعَ كُرْسِيُّهُ السَّمَاوَاتِ وَالأَرْضَ وَلاَ يَؤُودُهُ حِفْظُهُمَا وَهُوَ الْعَلِيُّ الْعَظِيمُ.,1,m1
المساء,آمَنَ الرَّسُولُ بِمَا أُنْزِلَ إِلَيْهِ مِنْ رَبِّهِ وَالْمُؤْمِنُونَ ۚ كُلٌّ آمَنَ بِاللهِ وَمَلَائِكَتِهِ وَكُتُبِهِ وَرُسُلِهِ لَا نُفَرِّقُ بَيْنَ أَحَدٍ مِنْ رُسُلِهِ ۚ وَقَالُوا سَمِعْنَا وَأَطَعْنَا ۖ غُفْرَانَكَ رَبَّنَا وَإِلَيْكَ الْمَصِيرُ. لَا يُكَلِّفُ اللهُ نَفْسًا إِلَّا وُسْعَهَا لَهَا مَا كَسَبَتْ وَعَلَيْهَا مَا اكْتَسَبَتْ رَبَّنَا لَا تُؤَاخِذْنَا إِنْ نَّسِينَآ أَوْ أَخْطَأْنَا رَبَّنَا وَلَا تَحْمِلْ عَلَيْنَا إِصْرًا كَمَا حَمَلْتَهُ عَلَى الَّذِينَ مِنْ قَبْلِنَا رَبَّنَا وَلَا تُحَمِّلْنَا مَا لَا طَاقَةَ لَنَا بِهِ وَاعْفُ عَنَّا وَاغْفِرْ لَنَا وَارْحَمْنَا أَنْتَ مَوْلَانَا فَانْصُرْنَا عَلَى الْقَوْمِ الْكَافِرِينَ.,1,m2
المساء,قُلْ هُوَ ٱللهُ أَحَدٌ (1) ٱللهُ ٱلصَّمَدُ (2) لَمْ يَلِدْ وَلَمْ يُولَدْ (3) وَلَمْ يَكُن لَّهُۥ كُفُوًا أَحَدٌۢ (4),3,m3
المساء,قُلْ أَعُوذُ بِرَبِّ ٱلْفَلَقِ (1) مِن شَرِّ مَا خَلَقَ (2) وَمِن شَرِّ غَاسِقٍ إِذَا وَقَبَ (3) وَمِن شَرِّ ٱلنَّفَّٰثَٰتِ فِى ٱلْعُقَدِ (4) وَمِن شَرِّ حَاسِدٍ إِذَا حَسَدَ (5),3,m4
المساء,قُلْ أَعُوذُ بِرَبِّ ٱلنَّاسِ (1) مَلِكِ ٱلنَّاسِ (2) إِلَٰهِ ٱلنَّاسِ (3) مِن شَرِّ ٱلْوَسْوَاسِ ٱلْخَنَّاسِ (4) ٱلَّذِى يُوَسْوِسُ فِى صُدُورِ ٱلنَّاسِ (5) مِنَ ٱلْجِنَّةِ وَٱلنَّاسِ (6),3,m5
المساء,أَمْسَيْـنا وَأَمْسـى المـلكُ لله وَالحَمدُ لله ، لا إلهَ إلاّ اللّهُ وَحدَهُ لا شَريكَ لهُ، لهُ المُـلكُ ولهُ الحَمْـد، وهُوَ على كلّ شَيءٍ قدير ، رَبِّ أسْـأَلُـكَ خَـيرَ ما في هـذهِ اللَّـيْلَةِ وَخَـيرَ ما بَعْـدَهـا ، وَأَعـوذُ بِكَ مِنْ شَـرِّ ما في هـذهِ اللَّـيْلةِ وَشَرِّ ما بَعْـدَهـا ، رَبِّ أَعـوذُبِكَ مِنَ الْكَسَـلِ وَسـوءِ الْكِـبَر ، رَبِّ أَعـوذُ بِكَ مِنْ عَـذابٍ في النّـارِ وَعَـذابٍ في القَـبْر.,1,m6
المساء,اللّهـمَّ أَنْتَ رَبِّـي لا إلهَ إلاّ أَنْتَ ، خَلَقْتَنـي وَأَنا عَبْـدُك ، وَأَنا عَلـى عَهْـدِكَ وَوَعْـدِكَ ما اسْتَـطَعْـت ، أَعـوذُ بِكَ مِنْ شَـرِّ ما صَنَـعْت ، أَبـوءُ لَـكَ بِنِعْـمَتِـكَ عَلَـيَّ وَأَبـوءُ بِذَنْـبي فَاغْفـِرْ لي فَإِنَّـهُ لا يَغْـفِرُ الذُّنـوبَ إِلاّ أَنْتَ .,1,m7
المساء,رَضيـتُ بِاللهِ رَبَّـاً وَبِالإسْلامِ ديـناً وَبِمُحَـمَّدٍ صلى الله عليه وسلم نَبِيّـاً.,3,m8
المساء,اللّهُـمَّ إِنِّـي أَمسيتُ أُشْـهِدُك ، وَأُشْـهِدُ حَمَلَـةَ عَـرْشِـك ، وَمَلَائِكَتَكَ ، وَجَمـيعَ خَلْـقِك ، أَنَّـكَ أَنْـتَ اللهُ لا إلهَ إلاّ أَنْـتَ وَحْـدَكَ لا شَريكَ لَـك ، وَأَنَّ ُ مُحَمّـداً عَبْـدُكَ وَرَسـولُـك,4,m9
المساء,اللّهُـمَّ ما أَمسى بي مِـنْ نِعْـمَةٍ أَو بِأَحَـدٍ مِـنْ خَلْـقِك ، فَمِـنْكَ وَحْـدَكَ لا شريكَ لَـك ، فَلَـكَ الْحَمْـدُ وَلَـكَ الشُّكْـر.,1,m10
المساء,حَسْبِـيَ اللّٰهُ لا إلهَ إلاّ هُوَ عَلَـيهِ تَوَكَّـلتُ وَهُوَ رَبُّ العَرْشِ العَظـيم.,7,m11
المساء,أَمْسَيْنَا عَلَى فِطْرَةِ الإسْلاَمِ، وَعَلَى كَلِمَةِ الإِخْلاَصِ، وَعَلَى دِينِ نَبِيِّنَا مُحَمَّدٍ صَلَّى اللهُ عَلَيْهِ وَسَلَّمَ، وَعَلَى مِلَّةِ أَبِينَا إبْرَاهِيمَ حَنِيفاً مُسْلِماً وَمَا كَانَ مِنَ المُشْرِكِينَ.,1,m12
المساء,سُبْحـانَ اللهِ وَبِحَمْـدِهِ عَدَدَ خَلْـقِه ، وَرِضـا نَفْسِـه ، وَزِنَـةَ عَـرْشِـه ، وَمِـدادَ كَلِمـاتِـه.,3,m13
المساء,اللّهُـمَّ عافِـني في بَدَنـي ، اللّهُـمَّ عافِـني في سَمْـعي ، اللّهُـمَّ عافِـني في بَصَـري ، لا إلهَ إلاّ أَنْـتَ، اللّهُـمَّ إِنّـي أَعـوذُ بِكَ مِنَ الْكُـفر ، وَالفَـقْر ، وَأَعـوذُ بِكَ مِنْ عَذابِ القَـبْر ، لا إلهَ إلاّ أَنْـتَ.,3,m14
المساء,اللّهُـمَّ إِنِّـي أسْـأَلُـكَ العَـفْوَ وَالعـافِـيةَ في الدُّنْـيا وَالآخِـرَة ، اللّهُـمَّ إِنِّـي أسْـأَلُـكَ العَـفْوَ وَالعـافِـيةَ في ديني وَدُنْـيايَ وَأهْـلي وَمالـي ، اللّهُـمَّ اسْتُـرْ عـوْراتي وَآمِـنْ رَوْعاتـي ، اللّهُـمَّ احْفَظْـني مِن بَـينِ يَدَيَّ وَمِن خَلْفـي وَعَن يَمـيني وَعَن شِمـالي ، وَمِن فَوْقـي ، وَأَعـوذُ بِعَظَمَـتِكَ أَن أُغْـتالَ مِن تَحْتـي.,1,m15
المساء,يَا حَيُّ يَا قيُّومُ بِرَحْمَتِكَ أسْتَغِيثُ أصْلِحْ لِي شَأنِي كُلَّهُ وَلاَ تَكِلْنِي إلَى نَفْسِي طَـرْفَةَ عَيْنٍ.,3,m16
المساء,أَمْسَيْنا وَأَمْسَى الْمُلْكُ للهِ رَبِّ الْعَالَمَيْنِ، اللَّهُمَّ إِنَّي أسْأَلُكَ خَيْرَ هَذَه اللَّيْلَةِ فَتْحَهَا ونَصْرَهَا، ونُوْرَهَا وبَرَكَتهَا، وَهُدَاهَا، وَأَعُوذُ بِكَ مِنْ شَرِّ مَا فيهِا وَشَرَّ مَا بَعْدَهَا.,1,m17
المساء,اللّهُـمَّ عالِـمَ الغَـيْبِ وَالشّـهادَةِ فاطِـرَ السّماواتِ وَالأرْضِ رَبَّ كـلِّ شَـيءٍ وَمَليـكَه ، أَشْهَـدُ أَنْ لا إِلـهَ إِلاّ أَنْت ، أَعـوذُ بِكَ مِن شَـرِّ نَفْسـي وَمِن شَـرِّ الشَّيْـطانِ وَشِرْكِهِ ، وَأَنْ أَقْتَـرِفَ عَلـى نَفْسـي سوءاً أَوْ أَجُـرَّهُ إِلـى مُسْـلِم.,1,m18
المساء,أَعـوذُ بِكَلِمـاتِ اللّهِ التّـامّـاتِ مِنْ شَـرِّ ما خَلَـق.,1,m19
المساء,اللَّهُمَّ صَلِّ وَسَلِّمْ على نَبِيِّنَا مُحمَّد.,10,m20
المساء,اللَّهُمَّ إِنَّا نَعُوذُ بِكَ مِنْ أَنْ نُشْرِكَ بِكَ شَيْئًا نَعْلَمُهُ ، وَنَسْتَغْفِرُكَ لِمَا لَا نَعْلَمُهُ,3,m21
المساء,اللَّهُمَّ إِنِّي أَعُوذُ بِكَ مِنْ الْهَمِّ وَالْحَزَنِ، وَأَعُوذُ بِكَ مِنْ الْعَجْزِ وَالْكَسَلِ، وَأَعُوذُ بِكَ مِنْ الْجُبْنِ وَالْبُخْلِ، وَأَعُوذُ بِكَ مِنْ غَلَبَةِ الدَّيْنِ، وَقَهْرِ الرِّجَالِ,3,m22
المساء,أسْتَغْفِرُ اللهَ العَظِيمَ الَّذِي لاَ إلَهَ إلاَّ هُوَ، الحَيُّ القَيُّومُ، وَأتُوبُ إلَيهِ,3,m23
المساء,لَا إلَه إلّا اللهُ وَحْدَهُ لَا شَرِيكَ لَهُ، لَهُ الْمُلْكُ وَلَهُ الْحَمْدُ وَهُوَ عَلَى كُلِّ شَيْءِ قَدِيرِ.,100,m24
المساء,"اللَّهُمَّ أَنْتَ رَبِّي لا إِلَهَ إِلا أَنْتَ ، عَلَيْكَ تَوَكَّلْتُ ، وَأَنْتَ رَبُّ الْعَرْشِ الْعَظِيمِ , مَا شَاءَ اللَّهُ كَانَ ، وَمَا لَمْ يَشَأْ لَمْ يَكُنْ ، وَلا حَوْلَ وَلا قُوَّةَ إِلا بِاللَّهِ الْعَلِيِّ الْعَظِيمِ , أَعْلَمُ أَنَّ اللَّهَ عَلَى كُلِّ شَيْءٍ قَدِيرٌ ، وَأَنَّ اللَّهَ قَدْ أَحَاطَ بِكُلِّ شَيْءٍ عِلْمًا , اللَّهُمَّ إِنِّي أَعُوذُ بِكَ مِنْ شَرِّ نَفْسِي ، وَمِنْ شَرِّ كُلِّ دَابَّةٍ أَنْتَ آخِذٌ بِنَاصِيَتِهَا ، إِنَّ رَبِّي عَلَى صِرَاطٍ مُسْتَقِيمٍ",1,m25
المساء,سُبْحـانَ اللهِ وَبِحَمْـدِهِ,100,m26
المساء,سُبْحـانَ اللهِ الْعَظِيــم.,100,m27
منوعة,اللهم آت نفسي تقواها، وزكها أنت خير من زكاها، أنت وليها ومولاها.,1,n1
منوعة,اللهم اغفر لي ذنبي كله، دقه وجله، وأوله وآخره، وعلانيته وسره,1,n2
منوعة,رب اغفر لي وتب علي، إنك أنت التواب الرحيم,100,n3
منوعة,اللهم إني أسألك الفردوس الأعلى من الجنة,3,n4
منوعة,اللهم صلِّ على محمد وعلى آل محمد، كما صليت على إبراهيم وعلى آل إبراهيم، إنك حميد مجيد,100,n5
منوعة,اللهم إنا نعوذ بك من أن نشرك بك شيئاً نعلمه، ونستغفرك لما لا نعلمه,1,n6
منوعة,اللهم إني أعوذ بك من زوال نعمتك، وتحول عافيتك، وفجاءة نقمتك، وجميع سخطك,1,n7
منوعة,اللهم إني أسألك الفردوس الأعلى من الجنة,3,n8
منوعة,"""اللَّهُمَّ اغْفِرْ لِي خَطِيئَتِي وَجَهْلِي، وَإِسْرَافِي فِي أَمْرِي، وَمَا أَنْتَ أَعْلَمُ بِهِ مِنِّي، اللَّهُمَّ اغْفِرْ لِي هَزْلِي وَجِدِّي، وَخَطَئِي وَعَمْدِي، وَكُلُّ ذَلِكَ عِنْدِي",1,n9
منوعة,اللَّهُمَّ إِنَّكَ عَفُوٌّ تُحِبُّ الْعَفْوَ فَاعْفُ عَنِّي,3,n10